1,الفاتِحَة,Al-Fātiḥah,7,74,314
2,البَقَرَة,Al-Baqarah,286,12316,52639
3,آلِ عِمران,Āli ʿImrān,200,7080,30276
4,النِّساء,An-Nisāʾ,176,7347,31845
5,المائِدَة,Al-Māʾidah,120,5598,23932
6,الأَنعام,Al-Anʿām,165,6226,26109
7,الأَعراف,Al-Aʿrāf,206,6796,28550
8,الأَنفال,Al-Anfāl,75,2525,10834
9,التَّوبَة,At-Tawbah,129,5169,22679
10,يونُس,Yūnus,109,3588,14947
11,هود,Hūd,123,3930,16168
12,يوسُف,Yūsuf,111,3566,14512
13,الرَّعد,Ar-Raʿd,43,1701,7360
14,إِبراهيم,Ibrāhīm,52,1649,7050
15,الحِجر,Al-Ḥijr,99,1389,5896
16,النَّحل,An-Naḥl,128,3757,15908
17,الإسراء,Al-Isrā',111,3223,13549
18,الكَهف,Al-Kahf,110,3350,13823
19,مَريَم,Maryam,98,2036,8188
20,طه,Ṭā Hā,135,2830,11608
21,الأَنبِياء,Al-Anbiyāʾ,112,2437,10109
22,الحَجّ,Al-Ḥajj,78,2537,10938
23,المُؤمِنون,Al-Muʾminūn,118,2116,8871
24,النّور,An-Nūr,64,2611,11316
25,الفُرقان,Al-Furqān,77,1846,7811
26,الشُّعَراء,Ash-Shuʿarāʾ,227,2710,10938
27,النَّمل,An-Naml,93,2352,9712
28,القَصَص,Al-Qaṣaṣ,88,2900,11817
29,العَنكَبوت,Al-ʿAnkabūt,69,1969,8353
30,الرّوم,Ar-Rūm,60,1636,7003
31,لُقمان,Luqmān,34,1038,4415
32,السَّجدَة,As-Sajdah,30,745,3153
33,الأَحزاب,Al-Aḥzāb ,73,2594,11343
34,سَبَأ,Sabaʾ,54,1741,7287
35,فاطِر,Fāṭir,45,1519,6492
36,يس,Yā Sīn,83,1498,6040
37,الصّافّات,Aṣ-Ṣāffāt,182,1881,7896
38,ص,Ṣād,88,1553,6600
39,الزُّمَر,Az-Zumar,75,2319,9831
40,غافِر,Ghāfir,85,2449,10388
41,فُصِّلَت,Fuṣṣilat,54,1648,6929
42,الشّورىٰ,Ash-Shūrā,53,1682,7227
43,الزُّخرُف,Az-Zukhruf,89,1785,7486
44,الدُّخان,Ad-Dukhān,59,710,3023
45,الجاثِيَة,Al-Jāthiyah,37,999,4167
46,الأَحقاف,Al-Aḥqāf,35,1311,5561
47,مُحَمَّد,Muḥammad,38,1099,4853
48,الفَتح,Al-Fatḥ,29,1169,5157
49,الحُجُرات,Al-Ḥujurāt,18,663,2889
50,ق,Qāf,45,762,3150
51,الذّارِيات,Aḏ-Ḏāriyāt,60,753,3182
52,الطّور,Aṭ-Ṭūr,49,680,2852
53,النَّجم,An-Najm,62,738,3072
54,القَمَر,Al-Qamar,55,723,3155
55,الرَّحمٰن,Ar-Raḥmān,78,815,3278
56,الواقِعَة,Al-Wāqiʿah,96,849,3538
57,الحَديد,Al-Ḥadīd,29,1188,5139
58,المُجادِلَة,Al-Mujādilah,22,920,4111
59,الحَشر,Al-Ḥashr,24,897,3971
60,المُمتَحَنَة,Al-Mumtaḥanah,13,715,3129
61,الصَّفّ,Aṣ-Ṣaff,14,425,1828
62,الجُمُعَة,Al-Jumuʿah,11,341,1406
63,المُنافِقون,Al-Munāfiqūn,11,367,1558
64,التَّغابُن,At-Taghābun,18,503,2182
65,الطَّلاق,Aṭ-Ṭalāq,12,562,2511
66,التَّحريم,At-Taḥrīm,12,478,2115
67,المُلك,Al-Mulk,30,659,2707
68,القَلَم,Al-Qalam,52,650,2760
69,الحاقَّة,Al-Ḥāqqah,52,575,2318
70,المَعارِج,Al-Maʿārij,44,448,1945
71,نوح,Nūḥ,28,430,1900
72,الجِنّ,Al-Jinn,28,573,2424
73,المُزَّمِّل,Al-Muzzammil,20,422,1750
74,المُدَّثِّر,Al-Muddaththir ,56,526,2274
75,القِيامَة,Al-Qiyāmah,40,353,1445
76,الإِنسان,Al-Insān,31,520,2252
77,المُرسَلات,Al-Mursalāt,50,402,1653
78,النَّبَأ,An-Nabaʾ,40,374,1618
79,النّازِعات,An-Nāziʿāt,46,418,1783
80,عَبَسَ,ʿAbasa,42,306,1329
81,التَّكوير,At-Takwīr,29,243,1005
82,الإِنفِطار,Al-Infiṭār,19,171,730
83,المُطَفِّفين,Al-Muṭaffifīn,36,350,1520
84,الإِنشِقاق,Al-Inshiqāq,25,243,993
85,البُروج,Al-Burūj,22,211,995
86,الطّارِق,Aṭ-Ṭāriq ,17,132,523
87,الأَعلَىٰ,Al-Aʿlā,19,144,638
88,الغاشِيَة,Al-Ghāshiyah,26,191,835
89,الفَجر,Al-Fajr,30,293,1211
90,البَلَد,Al-Balad,20,177,727
91,الشَّمس,Ash-Shams,15,157,655
92,اللَّيل,Al-Layl,21,172,703
93,الضُّحَىٰ,Aḍ-Ḍuḥā,11,108,418
94,الشَّرح,Ash-Sharḥ,8,62,265
95,التّين,At-Tīn,8,69,280
96,العَلَق,Al-ʿAlaq,19,134,557
97,القَدر,Al-Qadr,5,56,237
98,البَيِّنَة,Al-Bayyinah,8,169,822
99,الزَّلزَلَة,Az-Zalzalah,8,75,319
100,العادِيات,Al-ʿĀdiyāt,11,83,373
101,القارِعَة,Al-Qāriʿah,11,86,343
102,التَّكاثُر,At-Takāthur,8,60,259
103,العَصر,Al-ʿAṣr,3,29,132
104,الهُمَزَة,Al-Humazah,9,66,297
105,الفيل,Al-Fīl,5,46,203
106,قُرَيش,Quraysh,4,41,186
107,الماعون,Al-Maʿūn,7,52,218
108,الكَوثَر,Al-Kawthar,3,26,108
109,الكافِرون,Al-Kāfirūn,6,48,191
110,النَّصر,An-Naṣr,3,43,191
111,المَسَد,Al-Masad,5,52,193
112,الإِخلاص,Al-Ikhlāṣ,4,24,93
113,الفَلَق,Al-Falaq,5,45,170
114,النّاس,An-Nās,6,38,167
